class_id,gender,mindset,race,ses,math_grades,expectancy,cost,attainment,utility,intrinsic,math_achieve,career_aspire,gender_mindset,race_binary
1,0,3.4072443973521165,White,2.783777423489051,65.9484007763554,4.2664299464067295,2.780706396871352,3.3331521927193393,4.471220006751461,3.584930035775188,82.76314711877481,3.1690040043552496,0.0,0
1,1,2.9396069427198945,White,-1.6110056099552212,85.01033343517345,3.3730958831033715,3.583151373618395,3.969013506900949,3.4559638245176494,4.775352662624206,81.42692039056931,2.6008987379146804,2.9396069427198945,0
1,1,3.687439533553085,White,-0.14855140500704944,69.5751512577286,4.688401746439465,3.2842205031280773,4.123411824976411,3.663400426146948,3.936214760048099,75.26662340532641,3.4075390961365994,3.687439533553085,0
1,1,4.5994791560264305,White,-0.4074601376352653,92.77926829238166,4.388508047878645,3.299797056640747,3.772927568892124,3.7983538831004693,3.633476576093013,67.35058493480282,3.623728355311435,4.5994791560264305,0
1,0,4.149865620891143,Non-White,-0.6019686788963846,77.38972746753204,4.200812752745737,2.746438469971705,2.2772304022255234,4.077038977312053,4.537210878330149,56.526530149721076,1.6206483670177556,0.0,1
1,0,3.1279828549016084,Non-White,0.7602510946353603,81.34984720819689,3.657194859459096,2.881822631455502,3.903457055170484,4.2041209529634225,3.8070818016606514,76.25642884321161,3.6817014930361545,0.0,1
1,0,4.121226648095828,Non-White,1.1063291048284427,84.12570396644122,4.161900063802973,2.4060435956789674,4.54010619214748,4.850687749843843,4.716452921203264,83.65553647792679,3.4680098382322546,0.0,1
1,1,4.269722165810186,White,0.7716381493013362,60.70315403685842,3.854255010503255,2.823491971637219,4.466865511675611,3.853481943895468,3.7017677738121724,82.96425975266465,2.9645056358707107,4.269722165810186,0
1,1,3.381299794659207,Non-White,-0.7233390824512339,73.49415158443144,3.174754394981119,2.4817120418218512,4.21286708930212,4.488087681733422,4.004243262905002,81.52858274715078,4.920040246988911,3.381299794659207,1
1,1,4.10760757416187,White,2.4338480784024163,90.43545909286553,3.9747885741392563,3.6565342577943576,3.341282584990466,5.83852033993414,4.666982999233238,74.40631217160487,4.170933569323328,4.10760757416187,0
1,0,4.0407461029122,Non-White,-1.770243188341892,88.67765024170889,3.921634800888737,3.025267907797003,4.2371856774750905,4.426410421657938,3.964243477295749,83.69971339225198,2.732518259694019,0.0,1
1,1,3.199920791518564,Non-White,-1.0326290690342947,82.83032205395216,4.53120075493756,3.0852486175202154,3.655937307074657,4.09170612664102,4.553631993247188,82.39329459084722,4.086765815699798,3.199920791518564,1
1,1,4.250451152243798,Non-White,0.1697292843903737,66.50536428574476,2.882786778842899,2.8874267363249895,4.2120897435692,3.7325090088430217,4.060671435931397,71.61893151422754,4.371148653214741,4.250451152243798,1
1,0,4.392549168457764,White,0.08939391914564943,85.8550346085858,4.11759991442735,3.098789461025704,4.072903006841029,4.083401072747803,5.289015083840017,80.41278413292677,3.59241464583229,0.0,0
1,0,4.758135870222694,Non-White,0.48804407937874933,87.13399590205445,3.4222159759471413,4.232438817928841,3.414174837229977,3.6682677938343566,5.041267162461709,70.71232683672567,3.753009425863128,0.0,1
1,0,4.737661436424432,Non-White,1.5801340950752016,80.47017213123745,4.159611671097773,2.849929857803754,3.464526496385858,4.361196856010264,3.3031422425397508,79.32019385293538,3.7368426668451136,0.0,1
1,0,3.035631442430036,White,-0.11985091936559887,92.23170950591458,4.187140027788653,2.6747934826450033,4.21301347265291,4.262126483183636,4.413346208748806,64.60706684559146,2.039928898753698,0.0,0
1,1,3.343522472059414,Non-White,0.11372946021298058,73.16568209869877,3.9565776114349043,3.2648465664527215,3.867332142826899,2.902668467449324,3.6101576083393745,65.22230553061662,3.3691912822047207,3.343522472059414,1
1,0,4.360524687046062,White,-0.5945160527242493,74.90142422500026,4.403646562405542,1.737140683198756,3.4958311416057226,4.18886519654036,4.214904163275638,83.46565637555126,3.33276101061118,0.0,0
1,0,4.359650165638546,Non-White,0.5883285184606423,55.15388420914185,3.3771169704501505,3.0319783934554665,3.4463018861639,4.845687787584008,4.1410223775861565,82.50048097763812,4.501108945591914,0.0,1
1,1,4.360533380414234,White,-0.31847851065033933,89.19827510147664,4.55386022514085,2.8141435483535497,3.8177014912082705,3.96053288867835,3.466767789744507,80.06889232460665,3.733609504493311,4.360533380414234,0
1,0,6.696912043458305,White,-0.31905702106634304,83.13861963470134,3.645960566902929,2.503843366981953,4.940862876830926,3.808261936553063,4.7350907261181945,75.70375056842265,3.291672326518314,0.0,0
1,0,4.399623357485217,Non-White,0.5434831529637776,63.18179674866771,3.222050674755052,3.25387883515575,3.684353180672825,3.373379536129889,4.221981766141445,55.86980455180681,3.4369126813062922,0.0,1
1,0,4.7948959481264195,White,1.034920927080599,62.414010000058525,3.8638020147500955,3.0269942092228965,3.9915882770454467,3.0852047750253577,3.9291901785964494,74.40099249434809,4.216369907139181,0.0,0
1,0,4.667801234445242,White,-2.208106551673877,71.27369372628989,2.9524212386600075,2.0987955462528913,4.060986572613706,4.698809560237953,3.837134105453843,78.6334653375187,3.370790735728279,0.0,0
1,1,4.455973875914059,White,0.36077842467342836,87.93657941980354,4.127086946123101,2.676735239403781,3.3213841651048344,4.091113002252483,4.183866181859741,70.72213401952327,3.011263126835874,4.455973875914059,0
1,0,3.7793115287517582,White,-0.2702033186775383,76.99639511911371,3.870374778709887,1.5558643974036377,2.942300509694383,4.663212937202054,4.344755010508571,69.3000464575341,3.3070084649553935,0.0,0
1,1,4.531278454345287,White,0.9476169376614091,71.95213083339675,4.616843460688018,3.1466346570667514,3.3840155591585614,5.118794246747681,4.02501452818504,86.55536310522953,4.158487300675877,4.531278454345287,0
1,1,3.4590223498237,White,-0.2501226010745113,69.93884106916504,4.324462105253498,3.1416497092200784,4.148246426683782,4.752748610946207,2.4004882575342745,74.5176880688671,3.8473154339185553,3.4590223498237,0
1,0,3.834226975281994,Non-White,1.3010524331622997,69.49088042171813,3.304001831405995,2.6033590530831634,4.052398634749245,3.874576607136723,4.11013442974549,78.63836135713905,3.53098758134438,0.0,1
1,1,3.6602455165196277,White,-0.6764130204840386,60.6632169889244,3.5808062544410575,3.270056355841563,4.421443941490639,4.286920598794533,3.2351107630341334,81.19305169295492,3.634077509611381,3.6602455165196277,0
1,0,4.057311897570425,White,-2.230329907625889,67.92604168353625,4.260332210267104,2.3587506894392387,4.05804993697547,3.831136280905849,3.9743284606105544,66.98850338795938,3.1081802684831628,0.0,0
1,0,5.6202609966714565,Non-White,1.0515930406716663,69.29421920322832,4.423539504992517,2.5167414870325033,3.934270425118478,3.7750269224390025,3.2572614457582145,76.54565938171355,3.3642354196901425,0.0,1
1,1,2.6929143651857768,Non-White,-0.8435449622454707,86.82623236457147,4.6112504574434405,3.208595232191282,3.637592635044924,4.4056890974415746,3.2501014189523194,85.5571559558184,3.035686974757838,2.6929143651857768,1
1,1,4.480382133262159,Non-White,-1.580251936743527,78.34276946853385,4.607254642652674,2.6556666225185284,4.530764073917616,3.7006236701290964,4.841073093169117,89.55378546639777,3.2936545009901796,4.480382133262159,1
1,1,2.871098890167244,Non-White,0.016053418643930874,71.74415156982539,3.9552386948760474,2.9686715218987776,3.44849191676757,2.87450902854678,3.9079448114333655,75.31949117771752,4.442324784538638,2.871098890167244,1
1,0,3.6696476939473968,Non-White,-0.2391786660301687,103.09722755406187,4.181327811125584,2.7181754862868286,3.3337602896223877,3.6671112625635742,3.862002704106849,73.09645162122341,2.745489732035967,0.0,1
1,0,4.762265417877156,Non-White,0.8231049757450069,73.36103086453335,4.6493692519718985,2.794534421850408,4.340233310432862,4.015871310787577,4.389514429297154,77.15219254510026,3.0178976335039596,0.0,1
1,1,4.044996013366824,Non-White,0.8924108198152113,91.67102914383636,3.8483457690320257,2.8163878920225036,3.200105613607807,5.112839098699153,3.8776456861565283,76.94909637622017,2.6219907959449738,4.044996013366824,1
1,0,3.245578655449486,White,0.09562044588939247,96.21108557787716,4.189863093470062,2.6466216213909113,5.448874599195179,3.905437530077181,5.362283655276445,86.09406452904923,2.470363869968681,0.0,0
1,0,3.4992874035180224,White,-0.8848159419179848,64.30039662342656,3.836559610160174,3.151224857180062,4.047996028335486,4.507154454617565,3.936188143564388,67.02886648666346,3.369259660063296,0.0,0
1,0,4.475718424254273,Non-White,0.28694126122429797,80.73962964073569,3.7245259427672863,2.6860357566230255,4.208743669794932,4.099015059622759,4.319075247189806,72.76101531067182,3.0676735727394493,0.0,1
1,0,3.4887433577980045,White,0.16519438012057688,74.82466349091776,4.024192559142902,3.007843356897801,3.514948105285968,4.9358430863222305,4.6825647988261165,66.06286938498792,4.733182251554535,0.0,0
1,1,4.1515210127073825,White,0.5689366744696416,74.01075603440664,3.6562282743302044,2.6356341593127985,3.810841093455072,4.8942578312783755,5.061351935364145,66.90324091361938,3.3020074176755445,4.1515210127073825,0
1,0,4.03190028793267,White,-0.8748067137447016,85.55376816806908,3.9345420136151255,2.2328506868077707,3.7439457298705876,4.905705063143952,3.6547963186054155,78.01259212111299,4.402577804401017,0.0,0
1,1,3.543879756675928,Non-White,-0.400372873167553,73.77129503576717,3.4825225677339335,3.4562176246295833,3.674899007398815,3.1596098823495886,3.849221897696813,81.47886273309621,4.177604532458443,3.543879756675928,1
1,0,5.500760862527728,Non-White,0.5093781163361057,75.0403095367353,3.9050028064088105,3.249763492547704,4.379777050905896,4.324034428346997,4.864755125176108,69.80486645005004,3.3537320913431903,0.0,1
1,1,4.443743315622608,White,1.2473270552317244,78.31885104374706,4.224195146807931,4.1443410343988365,3.7302543770648313,4.655363160073168,4.5860373824316145,81.17675831180232,4.977094907459936,4.443743315622608,0
1,1,2.5824001893396753,Non-White,0.9659220079595902,76.26600731623431,3.705618231896602,2.478013580000871,4.610500737450509,4.428923137553599,4.745105561401075,83.89262925705575,3.687973790525366,2.5824001893396753,1
1,0,4.1305180203386,White,0.08205487115279775,68.26429792987875,4.004645876265457,2.8955197563339845,5.597909410071894,4.581957795493098,3.2787772738641987,90.47764798746712,4.559106486202792,0.0,0
2,1,3.5367494746621286,White,-0.4873950239211477,87.95906504847474,4.0696712968106326,2.935746259572097,3.8226752559120705,4.235010602571287,5.02879985235441,75.5579747907284,4.4776178241068845,3.5367494746621286,0
2,1,4.596703334357357,White,0.40382055867930544,90.48530938507601,4.2262674459106675,3.4946847191410657,4.091389308145975,3.753129475964084,3.6431554740291165,69.88188378044694,3.790253589573348,4.596703334357357,0
2,1,3.4452354830971097,White,-1.0913904372934704,83.43618589535217,3.933210079347392,2.746446052933696,4.227689234299304,3.181741569008249,4.215375786885137,66.98022454715284,4.0257915934640955,3.4452354830971097,0
2,1,3.9196844909731707,Non-White,-0.8170014392608941,76.23447348977734,4.542933170933903,2.414479072912073,5.08690288755611,3.812658342810915,4.011066273444937,66.18565441664086,3.936849990583633,3.9196844909731707,1
2,1,4.35349109528632,Non-White,1.5097713124596235,72.94789263670219,2.949540569274041,3.603904654230501,3.950411328977087,5.806865924183036,3.5729102980711573,84.99824561122885,2.6990169980258045,4.35349109528632,1
2,1,4.606028635919085,Non-White,0.4020344800469221,72.96379937073554,5.468876423583887,2.841674985369386,3.502589848204982,3.908609294345597,3.252478541947398,62.8792372563548,3.5401032481171115,4.606028635919085,1
2,0,3.159792515060957,White,-0.347526733772955,103.57376365032708,3.564433117981242,3.4393217548630215,3.2401956966245775,3.0243658643455538,3.053691130020261,84.7419878852096,4.2519730637612625,0.0,0
2,0,3.765849134911336,Non-White,0.8291386845852685,89.37838301566644,4.201695011677039,3.381099200396106,3.9652096315406595,4.6395896164374495,4.171411043632385,68.05247176598282,4.5683304221531635,0.0,1
2,0,3.667538282187331,White,1.286974963849594,71.59889921416662,3.5307660448970757,2.98505476304885,3.7309718685676705,4.713276005209587,3.1848085458599265,69.51835041712475,2.995552229717635,0.0,0
2,0,3.542669537198402,Non-White,-0.4446375582456402,81.6469782743714,4.322134079754651,2.912843147482626,5.206005573580001,4.972394634091284,3.41971064294787,73.78755635992016,3.870181911269114,0.0,1
2,0,5.235817968196768,White,-0.42740794244947544,76.37464974900638,4.138284576297464,2.8042175968350977,5.061917452406179,4.482587102224068,3.9691784730810675,69.3707636034679,3.605609149294274,0.0,0
2,0,4.2834871976726685,White,-0.5526457733470056,85.8380037615629,3.674643231327455,2.9924034356150053,3.3793763032458415,4.707360908680171,2.51671489984406,82.4558380396766,3.417488154792883,0.0,0
2,1,3.1173812319654686,White,0.9638503187153616,85.43499102789342,4.5365436727051565,3.4315501130853154,3.5735439378704927,5.304130280905195,4.5673878272264,89.5067516158622,3.7492018404575185,3.1173812319654686,0
2,0,4.642503362938343,Non-White,0.9735574475201241,90.83609653905471,3.9180195601990393,2.6017799094702103,4.0442620647321315,3.7527159047627308,2.654067099735915,69.74054273957489,3.652598187466296,0.0,1
2,0,5.485509337908843,Non-White,1.385903321291099,71.49443541337804,4.273607969028502,3.05442281510456,4.838335853535257,3.6336895767457698,4.053576565200336,71.54209728668299,3.8789852982108117,0.0,1
2,1,4.722725682385803,Non-White,1.008602949848836,81.0473529863813,3.541420097401982,2.440684285900596,4.03420788182263,3.543248076268243,4.109011535956573,73.69343354172881,4.509201732665036,4.722725682385803,1
2,0,2.9364410238321907,Non-White,-1.6322180794285188,62.51453015042473,3.98455618221421,2.5029468834789035,3.6116556172071723,4.04053824810361,4.422837032109085,79.3284541079411,4.04888931360529,0.0,1
2,1,3.661036148993624,White,0.28096432091819923,67.42659699571155,5.0017036335910525,2.984530501422188,3.9646709140583654,5.060053451895101,4.074991518566064,73.77212576835315,3.717413881210892,3.661036148993624,0
2,0,4.886837804430636,Non-White,-1.058385402847052,88.84100836559179,4.4814827645570645,2.019920995853084,3.622909081662372,4.516841020647741,5.310744778299943,86.09805928842077,4.805237539776155,0.0,1
2,1,3.5046313740668533,Non-White,-0.5129143749714155,70.49316208594674,4.1538103777255255,4.030279308308026,4.361486325663689,4.493215171625531,4.2297901289411,84.17299133249541,4.276950717116235,3.5046313740668533,1
2,1,4.31067359970236,White,0.17059420358086325,71.59091201952145,3.775539586195102,2.403470022544882,3.574579773001177,3.1084152428011658,4.7321674395461955,65.5163011712392,3.4353210929776563,4.31067359970236,0
2,0,4.542243837400536,White,0.8355653983499038,79.9172192544995,4.033749267937504,2.9799557436717232,3.6937383685438197,3.7840879036581487,3.665922314677827,79.16774532459863,2.6480157183529665,0.0,0
2,0,3.351148669895342,White,-0.8908433424510777,86.9476103084654,4.098782995086191,3.584108860908432,4.697160288073658,3.0986054202827784,4.1724540837136805,87.16271389847603,2.808518523355674,0.0,0
2,1,3.95833225075674,Non-White,-2.3247196614524013,69.39173204165904,4.224614217459873,2.568547330624751,3.5389810316115566,4.902747473592926,5.028542057017355,71.04175243386493,4.1532627138209435,3.95833225075674,1
2,1,1.7311128619516492,White,0.18053084180543139,45.19191171239916,3.461669745911167,1.8486515052276418,3.132323180463903,5.15138789573144,3.957382925186215,72.64588102565155,3.058781264522913,1.7311128619516492,0
2,1,3.282928651065997,White,2.6435715833985505,71.29776757856489,4.334203980471183,2.7775271199376643,4.056996250813783,4.667740036344229,4.215340858517139,70.77570401717635,2.7943611660216363,3.282928651065997,0
2,1,3.823202294024788,White,-0.20284621967015248,92.05628077952838,3.4552034508526734,2.5625898099619406,3.7837159574772423,3.607928372556273,4.688512069482485,70.94339507581195,2.9693402713189605,3.823202294024788,0
2,0,3.1265517726246053,Non-White,0.046915434950258676,83.43135051016874,4.815562926140936,1.8618132457039989,4.306849300557972,5.089213496169474,3.654662287885019,61.65238758471162,3.01883098153651,0.0,1
2,0,5.1426879127521445,White,1.7821636185360787,93.23874803787213,3.6141858387915606,3.1424449462860995,4.190483160838654,4.048047053984874,2.8030638000084838,64.37348038827959,4.0954533674475755,0.0,0
2,0,2.998901035427557,Non-White,0.5902746190617881,68.68183857867304,4.148314159838088,3.1035469311164756,3.9808489032139827,3.4713244315484033,4.253344192227421,75.61978974989783,3.3902805469524067,0.0,1
2,1,3.6919688593121114,Non-White,0.2168610369829383,63.60603732335944,4.502571286639009,3.571163227269176,3.9633739447180028,3.6213574472329846,4.693201501614801,87.10878379722223,2.539337779790416,3.6919688593121114,1
2,1,4.091518404100264,White,0.44211666531347293,84.6254855264754,3.8738099782677753,2.439588817239806,3.558484930406299,3.941906018644898,3.289132541064817,70.09311349985374,3.52173142843365,4.091518404100264,0
2,0,5.008891302346281,White,0.2502439325736485,82.40022737685047,4.170300009549929,2.2004317567764935,4.050008242595946,4.229747112290824,4.502131938366403,69.85794157641153,3.6555862927137692,0.0,0
2,0,2.9948964941743927,Non-White,-1.139754428156706,83.05554320377259,4.717590774595026,2.796638458476708,4.528770868859661,4.103193473008924,4.506179832403722,88.61216856336588,3.164464196991404,0.0,1
2,0,4.8142146265084715,White,-1.3414451577996975,89.32996642650568,4.2822014939466335,2.9558286704954524,3.4159319551603144,3.352398949097384,2.735902244530817,66.13394030547211,4.30911955893489,0.0,0
2,0,4.007163142713711,White,1.8868281121242367,84.2168492391226,4.177775314837176,3.4606748014932482,3.9967615741830795,4.9279898455113855,3.5382268205559364,61.71005469834863,3.2053427800154006,0.0,0
2,1,3.3129439442664346,Non-White,0.1838833519051575,84.05617593140379,3.157607302589769,3.7052840025025793,4.6230332534407665,4.109636448337894,3.862502731561002,68.3718765109,4.275836380646005,3.3129439442664346,1
2,1,4.32347243198429,Non-White,0.1000954425796983,87.1500701380114,3.5331388736298885,3.607239566953673,4.30325445593002,3.77174768623761,3.9922255998588576,69.69772416964507,3.9177479457724833,4.32347243198429,1
2,1,4.139341786901429,White,-0.0902276640562097,85.02416632187027,4.523460063825006,3.1382718334463333,4.7856837378104276,4.866181417189659,3.6541194411392093,61.02037532243948,4.148623855631085,4.139341786901429,0
2,0,3.5798481859888436,Non-White,0.7810732676164527,88.57445931717406,4.284975152670691,3.399749626752074,3.6591146020993994,3.4899562870400813,3.6217983178506907,73.9756663498031,2.7310144114355235,0.0,1
2,0,4.048861459493013,White,2.5386911017374865,90.08520824778581,4.360733136892537,2.679753282615408,2.9015389309630804,3.2226658898552913,5.1028897347092546,82.58757079889229,3.5688171345666717,0.0,0
2,1,3.730280482196768,White,0.5239526671077938,95.31688801240915,4.317698466107449,3.0841975962376234,4.120391082373413,4.963492467959243,4.035464520884655,64.7123618102814,3.4630203967976616,3.730280482196768,0
2,1,4.079462141675874,White,-0.5880868263145528,73.5080867509632,4.644878264187687,2.4043549303560967,4.217542489015891,5.334832709730204,3.682973803910156,75.7006257516287,2.504595432564727,4.079462141675874,0
2,1,4.4634914721647325,Non-White,-0.13340085789154404,84.80562107410748,3.8693000375224385,3.0313426984434364,4.821053172683605,3.9227423888091613,4.075298313852469,78.16748540501419,4.273542510862036,4.4634914721647325,1
2,1,5.1102117713017465,White,1.070996467205255,76.29676631402704,4.0602499793946505,3.0443233486990064,4.71288744082419,4.172417995249713,4.4222544998366855,74.33292579780566,2.927819372164855,5.1102117713017465,0
2,0,3.1335291508212055,White,-0.5828006014129976,71.66441012720733,3.485662833435458,3.861064302842485,4.322046173807477,3.512001171287458,4.130975826026725,76.48554071792847,3.073302519814812,0.0,0
2,1,5.493123362259387,White,0.8522464890302681,73.10459678919634,3.3609887082818117,2.8855085692548768,4.45923412850226,4.203295530146036,3.9765634455032157,76.57861810076169,2.790678915081592,5.493123362259387,0
2,0,2.633538540334249,Non-White,-2.3207373739781305,84.94955517561526,3.1781296422059713,3.0450214188266433,3.8849071250760163,3.9145768417612823,3.709989998797728,68.49817634465255,3.9908304282492613,0.0,1
2,0,3.8937504334750916,Non-White,-0.2298795714463868,84.18252554786001,3.557418250500076,3.1184807078560213,3.26853123320847,4.1387229359790005,3.7027214927194403,86.98866057609494,2.431849196859183,0.0,1
2,0,4.411822044539203,Non-White,0.6281400134806694,84.00412029238437,4.776280907744821,2.7725898420557735,4.070632730428546,4.445555032558346,3.741314968108784,84.98205467260972,3.9325123603251977,0.0,1
3,0,4.196694307414523,Non-White,1.2701255465757155,77.74286352430667,3.223636466091981,2.5987536333941765,4.589544078176666,3.541112713181492,4.303288760486442,84.51929117792935,4.231159790370422,0.0,1
3,1,3.5641103361255846,Non-White,-0.8184742170423912,80.0341475117841,3.848232007211401,3.649405662423526,4.393816521897129,3.98291319646046,3.5034919445589274,83.10940592435091,3.876024899338032,3.5641103361255846,1
3,0,3.8543144247499073,White,-1.5027650176306036,88.1775269587605,3.353427338176921,2.509541278519851,4.500284403495619,3.1177311469330933,4.3359615340821325,62.40016424453581,3.9988399386925004,0.0,0
3,1,3.654899345738817,Non-White,-0.26073516489181897,65.10606940350694,3.6995130184983194,2.3360409641563633,3.7433465877719487,3.9870076295320276,4.947796853376097,82.40849902249573,4.03168252870463,3.654899345738817,1
3,1,3.587444670139052,Non-White,-1.1254190077468889,80.24642098428585,4.08484689617601,3.3401326896477403,3.8406718971889457,4.143939557449801,4.295424414687919,80.24481142039606,2.8354029712919653,3.587444670139052,1
3,0,4.5947214679147175,Non-White,-0.1490366667295299,80.8995614812679,3.649942063397496,3.578907421012005,4.290055292868762,4.337389455036647,3.8782486826497173,62.70781108044973,4.504314485765041,0.0,1
3,0,4.2499108401755334,White,-0.006653454631237347,87.5330426907765,4.5448324325082305,2.7742951711996806,3.6720955632947474,4.3437459242179255,3.3211238689672213,73.28071715879938,3.177946622106551,0.0,0
3,1,3.514963283317542,Non-White,-1.3191450452019449,66.49751588057175,4.766989060424783,2.78197325617506,3.6905697580401986,4.742353650442114,5.046864084746908,77.2143475946023,3.45352866768702,3.514963283317542,1
3,0,4.629719912803275,Non-White,0.8044391101108651,94.95133745517411,2.87545213597203,3.1412717630533966,4.178789341826471,3.276200088436008,3.397989409640652,88.31453678499707,3.2671538771543287,0.0,1
3,0,4.215109664613626,White,-0.15721389336445102,82.1363042442851,3.6585038348244385,2.6460736616284084,4.456542845894145,3.308233782029824,4.609137220685448,80.79779086315406,3.8440794846141166,0.0,0
3,0,4.569003483187272,Non-White,1.0804598690053497,82.66580546694937,4.029571061136211,2.609143739694016,3.880282796002355,4.517374761835512,4.483110716356691,68.08347418177358,3.1233739298038046,0.0,1
3,0,4.440740189346529,White,-1.8449052402960937,75.98620242667774,4.56305851300769,3.439796293993183,3.3020863233678166,2.976623233796751,3.9579388382215637,88.56310766761571,3.546841006966158,0.0,0
3,1,3.4197034923545493,White,-1.0171921705453906,85.38022354796844,3.772877862423369,3.3035655503918093,3.558517650974302,4.309980127262996,3.942212717731593,75.35023810171111,2.6352593279977965,3.4197034923545493,0
3,1,3.6078732718621214,White,0.5166693086481229,80.47954050283106,3.9900323023770947,3.6555794431590525,4.122203250935859,3.491824236246064,2.998573235575387,72.95327090477527,4.3152656459511,3.6078732718621214,0
3,1,4.523105523586283,White,-0.7991105708252652,92.08981944106466,3.421627887474026,2.373705493817252,4.114912578319579,5.143688784550309,4.298039000487573,72.38305442728951,3.969518662165142,4.523105523586283,0
3,1,4.427259185803425,White,-0.1645356580496962,65.58505751936384,3.2336020738688274,2.748768756544692,4.144742882593209,4.350271444636666,4.471955799437483,62.011558095814934,3.295418166668761,4.427259185803425,0
3,1,3.9853688842250965,Non-White,0.0006991175571747527,81.75545829890508,4.722692344791467,3.1405897811347265,4.3127771743574534,4.068506388172163,3.446551930311317,74.12184396947086,3.171595678981933,3.9853688842250965,1
3,0,4.082129168316148,White,0.1582559809533675,84.08512348377427,3.087965063053532,2.5371895751128166,4.00348633512547,4.936632526283507,4.006507115402538,78.97988205844527,3.9512397724223876,0.0,0
3,1,4.8943654270518975,White,-0.6775662127337071,78.13627605636908,5.164309504210783,3.3208437185773247,4.159033626904187,3.5619587960574295,4.12271714900537,71.91693337979828,3.0048946335548266,4.8943654270518975,0
3,1,3.585900027814919,Non-White,0.14928656347247762,75.95334176692954,4.362575699690871,3.612313543613166,3.97298390630268,3.6759542195473154,4.4507435767697405,78.36361981798046,3.5877557210356184,3.585900027814919,1
3,1,4.382968166819026,White,-0.7825437052344801,76.37042721031293,4.339986537758378,2.708321013886326,4.689240089757663,3.4431270998069348,4.102281845673912,68.08487143268655,4.312979151201985,4.382968166819026,0
3,1,3.858465143296274,Non-White,0.6742804687467753,81.74639269367827,4.287734333747215,3.0192959701135167,4.859405218730501,3.6809764641906044,3.124208387623049,73.87257668577904,2.9321200166039656,3.858465143296274,1
3,0,3.8476231577409457,Non-White,-0.11484401948302342,61.90041099019294,3.873657155999518,3.7278093450405585,3.286593230571979,4.236669365620433,3.782037338322506,77.53232261286905,3.7580205803841418,0.0,1
3,0,4.769143796391033,Non-White,0.1550366235955187,89.6501496106323,4.196042264850434,3.8996357875095,3.846848834738648,4.496371123196233,4.234775471233411,76.51728701650737,3.7210076868548447,0.0,1
3,0,4.577791444291621,White,2.569926839690334,75.1986813230415,3.9055516561077623,3.372900625530202,4.019634694924425,4.776853011220526,4.6049170052238555,62.15627928224763,3.431864226936122,0.0,0
3,0,4.569456745200447,White,-1.1071044546000215,81.27802697366782,4.276536638220239,3.2967145865968046,3.8398511727914073,3.1051655718595566,3.7294180343634515,71.48795239303017,3.1473472911272444,0.0,0
3,1,4.91383516500803,White,1.388582269040288,83.67102266788068,3.983156736545642,2.573131732657544,5.075753554798524,4.096882208122025,5.412589924730011,88.41970344250085,4.350357939826069,4.91383516500803,0
3,1,4.014702689142931,Non-White,-2.6593513570493728,74.74194612687043,3.5248259084491327,3.1796047002289205,4.134373166853841,3.5351012812855194,2.963316158697821,71.06043140535586,3.0817019549631235,4.014702689142931,1
3,0,4.477367079906474,White,-2.078376654918943,78.68961593001004,3.564713691869122,3.278410420387499,3.516776903769794,4.076827745107139,3.761779894965259,75.12646035289471,2.231572769209266,0.0,0
3,1,3.782813270384581,White,-1.2406400776875708,59.64759759374496,3.5078638123537482,2.8948149207194773,4.357865403736403,5.600498148076224,4.050179837904336,74.30595399560845,3.9483735141417236,3.782813270384581,0
3,0,4.226916446741909,White,-1.1775283652749364,87.32123607333072,4.4854503659671545,2.702611872722169,4.162584723307716,4.3751170572000095,3.9795505018682813,87.5459180713572,2.659087655162516,0.0,0
3,0,3.9088998619426207,Non-White,0.20370179813884956,90.80069000322165,3.691276693770451,2.3593511632615725,4.182515751732053,4.739678982688948,3.3607146021111003,85.32294497755737,3.984316801398561,0.0,1
3,0,4.0678971754949025,Non-White,0.28984226416846787,62.99006448061246,3.04394841945757,2.1311351224743538,5.084725695279515,5.376414763296628,4.368717048651076,81.46024799855047,4.434432273490411,0.0,1
3,0,4.41660991780584,White,-0.2548212683723646,75.93507123303738,4.198419332924403,2.0260582433394188,4.210471105452886,4.876414945904855,4.322656430788353,67.21406149301973,3.940824914879072,0.0,0
3,1,3.427245521736569,White,-0.14987796676246168,67.70130621759185,4.757258781294791,3.2897212864336307,3.8178030856756022,3.9312513121878094,4.128776867588928,77.87346439353664,4.249987911321244,3.427245521736569,0
3,0,5.464671092979822,White,0.5277647609316608,78.22259678512594,4.386541594588763,3.0738496626133887,2.8268341442139393,3.434500748058037,4.299106317955109,79.54353394460105,4.914034374850753,0.0,0
3,1,3.2957878329502086,White,0.8332238776207417,86.4863633472096,3.6983382173891437,2.7580944342294518,3.900760589113893,4.18191343828749,3.8457341531311813,69.41116131523157,4.176732323826263,3.2957878329502086,0
3,1,3.1500679710485873,Non-White,-1.326539016109759,89.87308899256625,3.2065941422024555,2.8342718511376805,4.7835819503963135,3.859376529468789,3.129582229934859,68.03586315321849,3.731401374837805,3.1500679710485873,1
3,0,4.810677611450047,Non-White,-0.3618909712330037,91.21853189426848,3.9328659483212447,3.105235270765242,3.945298528266288,3.285287228028496,3.670016077968653,88.64011317765625,4.643763728466554,0.0,1
3,1,4.554163885774055,Non-White,-0.06958982291301025,93.10543824692213,3.920388060951645,2.917718464495703,2.655970060888298,4.344554998373681,4.194232748845664,72.59357350226458,4.728342881392609,4.554163885774055,1
3,1,4.436883871936509,Non-White,0.4853159965604532,77.77587221544434,3.515400194843117,2.3297234099980857,3.7009825646845322,4.3595317788356,4.1976466489078375,87.91981455128919,4.738140248281594,4.436883871936509,1
3,0,4.439841856484996,White,-0.7726671422734709,68.5304137126656,4.275518651121269,3.4565001101371498,4.595613123347675,5.261470020157972,4.124827431551508,82.97675004395627,3.1554995393627983,0.0,0
3,0,3.9914272590071596,White,-0.08922117559367017,78.85409699692032,4.923313250415236,3.1520630853349045,4.327490304737209,3.982942158697912,4.429224960791019,78.26301425900257,2.552187149051117,0.0,0
3,0,3.371921939959918,White,0.029983634527157816,86.33267502303576,4.111141358729142,3.132949239906924,3.4960714620935587,4.368072833381669,3.75131237272999,78.62025149087587,3.1127654715955795,0.0,0
3,0,4.0530631907356085,Non-White,-0.7044701034595299,67.72740219079142,4.080238103499423,3.4187813516791863,3.660829134160551,3.800708751185871,4.116008634266321,63.79664351735386,3.9925491310552226,0.0,1
3,0,3.5259868019415217,White,-0.7283151499478859,96.60136953448242,3.5313859755830888,2.593177321970163,3.75357480453855,4.72390165841608,4.443255667042952,76.65419823867533,3.611411261732474,0.0,0
3,1,4.682583813392426,Non-White,0.09874577763733462,88.97888538760341,4.698707351530186,3.606865718862921,3.602371736882242,4.125229322285922,4.049066108898588,86.33616330385301,3.3554633103762073,4.682583813392426,1
3,1,3.897059832948503,Non-White,-0.1303451459872082,77.93432831568671,3.962427916594992,2.929978574028881,2.782195679356251,3.496445034688355,3.3540056429563405,80.45071602548487,3.8923369791634546,3.897059832948503,1
3,0,3.422151962245242,White,0.5004775194206322,72.89128069588759,3.7105183724029147,3.4442994401654374,4.458154660371913,4.1919169070009055,3.523106978206677,76.23469349651528,2.470436442828713,0.0,0
3,0,3.7750299108429046,White,-1.0532587206449961,73.30878918887358,4.031844196825808,3.3672245167438275,4.754235974013456,4.434313738539001,4.59851139456762,88.69549756653623,3.598818509084079,0.0,0
4,1,4.289052017992937,White,-0.35068152787878737,80.74206213800156,4.235980666623305,2.480599085998722,3.088930633621156,4.353164032448138,4.935483297765543,73.51967421871356,4.282920351393514,4.289052017992937,0
4,0,3.6053928130372177,Non-White,-0.229216051553592,77.70597397269648,4.0696077043224514,3.251450202457068,4.746311759551789,4.827538029297521,4.805169864694429,70.04355459982652,3.88452095119076,0.0,1
4,0,3.424445723103498,White,0.8138639081236053,89.50502755282625,4.603076697835296,3.1631373354233427,3.9381860791616705,3.3311661767755867,4.239293569845221,76.23065532862606,3.98426687528361,0.0,0
4,0,4.170581048044339,Non-White,-0.9404137745679023,76.57024171697371,4.191985776273431,3.015155828747171,4.735079408900725,3.6943544459910354,3.378120438789984,81.13173894489277,4.61816095296676,0.0,1
4,1,4.171476599776106,White,0.2346520051550863,85.05501810611491,3.8580290945587326,2.9528141249823094,4.0227702617742676,4.583872399077323,4.0961890659362785,61.257647233533916,3.4536997005884333,4.171476599776106,0
4,0,3.6451397772402094,Non-White,0.25275550753788667,79.7107511582513,4.200596108163445,2.957053375141104,4.081326755295178,3.7648386132233576,5.037353079170252,77.27894914792334,3.0428358370547643,0.0,1
4,1,3.670273186067174,Non-White,1.6463972426799733,82.6966935739707,4.249818550562979,3.4063447128219977,4.223460788189327,4.344282749598125,4.471093028273885,81.48276012429048,4.33266052986553,3.670273186067174,1
4,1,4.162434956150346,White,-1.007089364306261,77.69943564403617,3.351812040368079,3.288955256895755,3.525960204918833,2.748152851552943,3.975513486389676,72.84286699762511,4.3197844417237485,4.162434956150346,0
4,0,2.986340960951873,Non-White,-0.6572333181174939,87.07715541249621,4.574709864131857,3.0152394251328323,4.716804486596813,5.82956794338773,4.4771751397047295,83.85571813042114,3.890804172329058,0.0,1
4,1,3.0147753579364114,Non-White,-0.937355682223321,87.22540080290077,3.8495479903193206,2.2540319267643127,3.327171617155129,4.038168881065599,3.338362876030637,80.12949329928855,3.387740299592286,3.0147753579364114,1
4,0,3.4970890451232948,White,-1.6697791720684,84.59929025822144,3.862338388247285,3.2472217070418092,3.7587599532899976,4.916373755992967,3.6825971732910783,92.13106494808862,3.5009657557055895,0.0,0
4,1,3.850586993801707,Non-White,1.7646869342627187,86.07514327149505,4.375687993537973,3.3618068095888898,4.314558806585901,3.9978613046499056,3.449485165386605,68.99517681935028,2.6062589335082396,3.850586993801707,1
4,1,4.217635295918603,White,-1.2415012309491225,70.55631222456947,4.37358261212979,4.150205042723485,3.6944828557087215,4.448819117238532,4.381743091009059,81.64567880396872,4.279062571145042,4.217635295918603,0
4,1,5.032749351864687,Non-White,-0.8163054090548456,83.2324576290898,3.649584160566957,3.537716531552519,4.466518744488966,5.095151787807164,4.528462099832055,66.86140873762076,4.2543559166704,5.032749351864687,1
4,0,4.600361736241414,White,1.3157665082821597,92.49201767487534,4.401450809072843,2.0504118060422662,4.825519703910373,4.8994836115250315,4.00770438368098,62.07706838978619,2.5818220746732514,0.0,0
4,1,3.888043029025601,White,-1.7531070469382153,84.91404567019498,3.719775924255238,3.0392146995093214,4.607527600632302,4.077327012188865,3.57624219395626,58.71575325745702,4.107342458734295,3.888043029025601,0
4,0,3.986688654468118,Non-White,0.7563515692873813,69.69282497198476,4.909786523349328,3.9056875143324907,2.838330811792827,4.118847404763785,4.088150543879223,79.30659217917541,3.782871158506306,0.0,1
4,0,3.2982294447535336,Non-White,-1.4130243453417775,79.50233490350915,3.5859030093671183,3.3117744284508186,4.075508181771615,4.802139936109971,3.808052065595715,76.47398331155281,2.784618122726443,0.0,1
4,0,3.987040804805327,Non-White,1.246694736529587,83.74977938339708,4.119738730852948,3.1643260801866044,4.617209566417835,5.59994664257118,3.622297577183753,71.16759154110596,2.6557998592492713,0.0,1
4,1,3.7979389527559033,Non-White,-2.1698776870408585,72.42600483101691,3.6089911815461964,3.4501143294576178,3.2099506919067657,4.315369604639425,4.3033962111855475,60.8119653284031,3.7614452885812057,3.7979389527559033,1
4,1,4.225902992236662,Non-White,-1.7534694162506628,66.41728803276648,5.111347814567537,2.6888109025045983,4.434166352337325,5.374238184324985,3.6452046664887954,69.4769069908906,3.2216071202651575,4.225902992236662,1
4,0,3.420938339513374,White,-0.5449222349589087,76.83902131563472,3.381089527956442,3.239044998313728,4.400476468983587,4.055151353747877,3.160190160221544,75.03274406140365,4.773964195384769,0.0,0
4,1,4.3635425599688205,Non-White,0.9718226901727355,72.59167592032297,4.262181373626455,2.8747659805040446,3.272746064837041,4.771176218105881,3.2935313177820875,81.34535493434478,4.166818876254235,4.3635425599688205,1
4,0,5.0729172391018045,White,-0.03095825063657335,79.85710968610032,3.6325447927611,2.9901882570947627,4.500539599444097,4.860693457348372,3.13804371991043,74.867713998019,3.831585195712559,0.0,0
4,1,3.9238678960802,White,-0.3357150728865708,64.08595352503711,3.8229461792760064,3.4142272578475534,4.163618676117961,3.9540236976883363,4.2485071499457225,77.01648274164222,3.866155302801676,3.9238678960802,0
4,0,4.281198205469259,Non-White,1.3460442074647172,85.64701062536156,4.226768916872588,2.5366434487539093,4.390229073232761,3.751753152419015,4.190243262905698,71.99094095220691,4.4316070262570175,0.0,1
4,1,4.483100794197779,White,2.155239538433073,73.65394964706643,4.612292218813072,3.6439912369009693,3.4202125685409204,4.887233513128412,4.160312056704897,88.99379362021723,4.092562664209137,4.483100794197779,0
4,0,3.719145669679915,White,0.6722572844137722,89.95752236681356,4.811698281149523,2.7885940194572285,4.090081669822831,3.881065837654166,4.452638991487965,66.85400284537418,3.8498365069472156,0.0,0
4,1,4.156864737267291,White,-0.6228545031012834,77.23101160203622,3.23152601998684,3.1303314165752036,2.9770728675206057,3.6633900523947585,4.815175313670269,69.40609426171898,2.8138171765917432,4.156864737267291,0
4,0,4.008814680547256,White,-0.4181430340092719,79.74610953615513,4.133875612182231,2.2997460198625284,2.6338052754801695,3.789624298920542,3.7446400815049303,71.0611354080519,5.643362875784353,0.0,0
4,0,4.068373268984182,Non-White,-1.2884473797573248,78.26965121303083,4.7297468016917605,3.359918645435695,4.08449705591665,3.8786319969447534,4.343886486343051,79.34163518381379,2.727772069884237,0.0,1
4,0,3.4588931513011736,White,0.10081742225405217,73.11840309899728,3.1573445306190298,3.723251967973289,4.660358564056786,4.7139702627754065,3.1522306955564736,66.68912168170496,3.2812200840298846,0.0,0
4,1,4.01715712198126,Non-White,-1.6295929859763272,104.7227946227266,4.157191747027424,2.7426792253909262,4.151762088559048,4.509025603965712,4.9272258477580095,76.08574872438399,2.341690206513002,4.01715712198126,1
4,1,4.348598803871814,Non-White,0.5518636553095008,75.04133821992716,3.998958101289908,2.4448883067452,3.9619323616335125,4.629394946854735,3.3531012570691052,76.31928114741245,3.8771587111384833,4.348598803871814,1
4,0,5.015800525456529,White,2.0055740456399533,90.2352152246566,4.207270907189894,3.1389915323713544,3.887479527967076,4.4528278866588495,3.673951328575737,69.44513623413296,3.605777306099365,0.0,0
4,1,4.671489578259645,Non-White,0.7175915797930499,69.06371053936604,3.6138479873367624,3.7274053224958714,3.4344607651341605,3.843695902652017,3.741374291760144,77.63983568765485,4.035693506855332,4.671489578259645,1
4,1,5.507227720258089,Non-White,-0.4691477201949346,83.72131391093161,3.28219058589328,2.275071717259547,3.866883457722816,4.618261713544964,3.1842374019666724,66.93748881010055,2.282654058226896,5.507227720258089,1
4,1,3.4628567059783655,Non-White,0.5269374126317904,84.78872163931835,3.0434467874104874,2.446845909385829,4.253010680958667,4.909472295963183,4.119545346445137,66.06340686030603,4.279033967166652,3.4628567059783655,1
4,1,4.610624445704475,White,1.620533445165877,79.75823022901871,4.488191976731051,2.772905220844242,3.738866660319623,4.550701929671586,4.228342320920889,75.79684605217153,2.93479521897127,4.610624445704475,0
4,0,4.128339404016846,Non-White,1.5704946352611389,74.28995280360427,4.552024568241677,2.5898280877346522,4.4503521123014655,4.46979354397551,3.9863517974110696,61.721955316175496,3.395696360445294,0.0,1
4,0,5.53286205325237,Non-White,-1.0037578915633707,77.36678097386036,4.151342674497993,2.5914072666955024,4.117585020318762,3.739767296057594,3.1758514207813535,57.8415783795981,4.152099888076745,0.0,1
4,1,3.434191200251394,Non-White,0.5102963895823233,75.9671049802688,3.7329258251559514,1.9529396861681114,4.190187650664044,4.327090247384687,5.290031740911027,79.26266640637441,3.68288667889233,3.434191200251394,1
4,1,3.412194710473457,White,-0.1581014900701986,104.02026281835455,3.1884770532671274,3.294528473702934,4.533197652130576,3.707855202330779,4.429538477900988,83.39175954072937,3.7323597896668046,3.412194710473457,0
4,1,3.5804251481891844,Non-White,0.8065932479136867,79.7739691055518,4.281672731252512,3.1693602514348176,3.6839467404070056,4.185583285151638,5.680533226189975,71.26557505045977,4.059425173933779,3.5804251481891844,1
4,0,2.5132729929831354,White,0.38361395381677077,85.2488877866395,3.4496103585816575,2.150575400098177,4.395628351712171,3.215840016464811,3.616934456068224,69.65543478321784,3.800153447957107,0.0,0
4,0,3.631971484823467,White,-2.3697214094844474,97.81625090425368,3.644350687619731,3.728597879978123,3.7681139696488155,3.220464958204744,4.674729336906186,83.04428180779648,3.261224468215898,0.0,0
4,1,3.4686071369124116,White,-0.34801308629683886,71.2368133202582,3.706717960218641,3.8405461574652437,4.203708690291304,4.085371386031782,4.567564332436498,65.83569425600864,3.3834716102353397,3.4686071369124116,0
4,1,4.105275650533345,White,0.1985583628962918,80.37660233167938,3.901232387151516,2.624547225109943,3.612537189618059,3.8709361969038065,3.9256549381415824,64.09301900223073,3.648315075056276,4.105275650533345,0
4,1,4.239229183044012,White,-1.4343649671588456,77.30813868318612,3.6204797763956758,3.583274295488503,3.4535777061611608,4.264072316084504,4.946630540635534,80.6610913896679,2.8731107345175655,4.239229183044012,0
4,1,5.3133195874511205,White,0.5810220098659856,79.13861554516636,4.016729385496151,2.713501097504527,4.055118847389096,4.119138852530929,3.8567539954317325,75.07230549209847,4.197206061572069,5.3133195874511205,0
5,1,4.665296686730235,Non-White,-1.5240152417270303,78.20988032882515,3.6890908497468042,3.09055825510553,2.8688799687873296,4.218114472326093,3.8834651483452354,83.5190139143219,3.702057751565239,4.665296686730235,1
5,0,3.596167441036318,White,-0.7984390474170536,72.68122914369783,4.350686532419611,2.5821189324895455,3.822239533894671,4.565164465414044,2.0171420648369702,57.87787296977616,3.552343387545378,0.0,0
5,0,3.3711097300561494,Non-White,1.3413119197001346,81.95410284996633,4.515531456994027,4.107125761731138,3.036173796634492,3.9220386266035008,4.345416832245582,63.7946080710515,4.33474759132203,0.0,1
5,1,4.344343420054554,Non-White,-0.8837777888642685,69.37367222583899,4.054271338014219,2.851991386335051,4.467540420588165,4.068333713013082,3.3046940529905555,75.11465647875325,3.4159204497520412,4.344343420054554,1
5,1,3.0758367550855503,White,0.5739669592016755,89.88882737309018,4.231313167690551,3.063224511411731,4.630066357665348,5.073012733657898,3.7695672825826927,78.3413895878703,3.372305301993308,3.0758367550855503,0
5,0,5.282021136098048,Non-White,-1.753573717908687,86.23309806654603,5.058927974812945,2.6560313062680865,3.4816292671475164,4.201850476095016,3.4842682167529833,81.77597670151567,3.160759865197225,0.0,1
5,0,4.825608084504901,Non-White,2.0813146567651417,75.06537183635984,3.413698371569342,3.9306577986181974,4.256987777484098,4.0924737152247666,3.8802610764090426,76.39854215047022,3.7401469062481545,0.0,1
5,1,3.6715770435267068,Non-White,-0.30455363848725747,75.5501667862614,3.3832659493599473,3.943307323044705,4.539481428212495,4.249507619593913,4.366328138130461,76.31724124286855,3.7159150758320605,3.6715770435267068,1
5,0,2.800805829636386,Non-White,0.09532080694771912,82.75510562348254,4.347498950388437,3.8154645906314704,4.54148153350107,4.103181376194282,4.106684937829254,71.88478765575842,3.033601059643065,0.0,1
5,0,4.947710661915789,White,0.17903679654896512,72.01454684393818,4.973271418757383,3.478220174173811,4.128670500382984,3.7742566242280655,4.525784774303484,87.72723923923614,3.3756142160206197,0.0,0
5,1,3.9198221083231677,Non-White,0.6075668643313585,98.11980124134871,3.869750719030639,2.6876052265329737,4.4405828053368985,3.601182097692168,4.859377721351379,66.17581235623602,3.038278412036537,3.9198221083231677,1
5,1,4.8664714183814235,White,-1.519179982986177,83.57925728691768,4.86341692110938,3.413925047981209,3.6104012128477634,3.7419411959099973,3.8787224379932983,77.87216122044751,3.0065920823291568,4.8664714183814235,0
5,1,2.883900638843943,Non-White,-0.005336470836663279,83.93263151383678,4.048216859396745,2.9964786005376323,4.049873479394008,4.7237515120624725,3.8128596547903313,67.09752932329584,2.289071517791207,2.883900638843943,1
5,0,3.580437483932359,Non-White,-0.6587688257813566,86.81445080357285,3.659556358980459,3.656204310871316,3.7197379559255346,3.8220568471689527,4.6746365921972055,79.27822836644008,3.338362822422911,0.0,1
5,1,4.003670589802728,White,-1.68955722607827,74.2053672592993,3.5046538056811483,3.5579510266826806,3.5597272157287816,4.107045238898234,4.722228373243958,66.70385944489787,2.3084507137439925,4.003670589802728,0
5,0,4.0328864156353195,Non-White,0.9871222001287102,90.89009981784774,4.314706792443394,2.6753672109620377,4.021638034881777,4.620441771079738,4.544354520861828,80.95052558800367,3.176029019562342,0.0,1
5,0,3.6849541699645294,Non-White,-0.3521729835995906,81.14533366215464,3.542520466108652,3.473912901418608,4.208518225694845,4.032965297513413,3.52869271595639,75.89683957459614,3.0711137478856743,0.0,1
5,1,4.435994952643249,Non-White,0.24252042561251944,89.50145470998832,4.040638421383514,3.341017225021963,4.6981052607729925,4.580016788906192,4.353593039300962,88.95711338606945,4.236326540085923,4.435994952643249,1
5,1,3.252665699432184,White,0.1798454187280591,78.0204687343167,4.791732512692047,1.6132185685432758,4.159093316379332,3.27552417454148,4.165682362428373,72.75184282182731,2.789545635583251,3.252665699432184,0
5,1,3.9003343604850946,Non-White,-0.3348522723761133,93.17278226731186,3.8466098035643146,3.400468319814731,4.385158320976931,4.120489992274862,4.731517364809798,78.39972892998036,2.9671695306298673,3.9003343604850946,1
5,1,4.084206942198329,White,1.9750273536307812,84.0134362702479,4.65700473732195,2.7841021056798967,4.391969903949723,4.247337657959106,3.7562767462773503,68.76274975631432,3.2329331025658994,4.084206942198329,0
5,1,4.360107183841125,Non-White,-0.04726465262900927,101.82507024177087,3.3927282551367965,2.5569787728341633,5.612520619418176,4.213883233858901,3.10003382531005,72.69685594846965,3.093899443948057,4.360107183841125,1
5,0,4.4981304146622225,White,-1.5579523176766679,76.3047838317777,3.7330454493416,2.5783696978531285,2.9139805580364526,3.20824878129667,4.514142080228163,75.84599583555482,4.458478358195313,0.0,0
5,0,3.2127505357134916,White,-0.40038136018331794,82.04549396090745,3.296427986892542,2.9323785521839842,3.587239679897693,4.9218675878584826,2.5649789700457384,62.782240620229004,2.7030028388652663,0.0,0
5,0,2.9261200804850644,Non-White,0.49973762011211026,69.68423753129842,4.036498377986679,3.2400297900433417,4.884433631492848,3.68719623301715,3.661091957662202,63.65900852652182,3.2344168507099105,0.0,1
5,0,4.8943737753289565,Non-White,0.532595109370551,74.7070176245378,4.390039089858291,2.3172689889039098,3.788792155087916,4.401022275157481,3.486082693209023,79.79887439868516,3.7324456744150845,0.0,1
5,1,4.2326198083857145,White,-1.0877809352617618,86.18686547847906,4.037593543803093,3.094923918106232,4.531481882561032,4.204778569588399,3.4820391974565514,73.83130542774656,4.116828340129405,4.2326198083857145,0
5,0,3.4760594244104124,White,0.9294825073447697,91.293244375395,4.613525029985076,3.288379033096536,4.138005714257702,4.802225714286407,3.6505811174269422,70.25658773561582,3.233830910848858,0.0,0
5,1,5.085806382865766,Non-White,-1.7628669288710401,109.65010351720721,3.625410379685435,3.930902891834816,5.263121440724806,5.512493297624524,4.830424141850978,69.10411055666596,2.1573302796473453,5.085806382865766,1
5,1,4.080972244005001,White,1.1441352026164182,79.0337109337678,4.112671376844534,2.461654915387435,3.332167343761773,3.425781309274299,4.592333251403823,69.41208963421045,3.3949270448901467,4.080972244005001,0
5,1,4.825508028844679,Non-White,-1.3193478891374055,70.66786592354403,3.7362653381930717,2.8251939066110983,4.733080331511288,3.810651671236501,3.9489615908044966,75.90040572006583,4.4464199333265,4.825508028844679,1
5,1,4.047262936987076,Non-White,-0.22624521900867614,87.53325760377241,4.180838292711828,3.1308314863482396,5.0497487831634995,4.3134554963034315,4.780174083115429,78.56028691292951,3.697531185201299,4.047262936987076,1
5,1,5.442523547417391,Non-White,1.0645686780266999,68.72172779498695,4.251868023106213,3.573704665095803,3.3913486736992002,3.5367880094683253,3.4626217069001752,58.26314216299821,3.665492503651953,5.442523547417391,1
5,0,5.228738589710243,Non-White,0.11960566888706947,85.64277388026736,4.291197979992031,2.847888059414093,4.469722146148808,4.669309564773457,3.381029968551705,86.30267245415914,2.7558874058961025,0.0,1
5,0,3.8257250960646485,White,0.8166985177135699,74.97744283805876,3.464702830882199,3.599320685995526,3.4207012085025665,4.706023573294235,4.6181579955479535,85.73360610353595,2.684029886797935,0.0,0
5,1,4.680099665668049,Non-White,0.6186619597099322,82.11594970380393,3.5551269491067155,2.0313188417617702,4.018096943521075,4.535669445597023,4.447785937593588,56.354761891624804,3.512629154043869,4.680099665668049,1
5,0,4.451763164709603,White,1.286268613404601,90.91046102164667,3.6478561459044054,2.3733259034390572,3.846047241890696,4.341949050525718,3.823841959050006,83.68741357058238,2.5015347544030146,0.0,0
5,0,4.958042090272644,Non-White,1.0622098509137117,78.89266570919304,3.8805596260667015,3.1743221721671104,2.558347639060188,5.021825266781868,3.4187234637811215,83.44175081064834,4.046953555653757,0.0,1
5,1,3.324553577593927,White,-0.4537443085364418,89.32879084328621,4.0435932021032155,2.2945877509560626,4.254540555827139,3.506624710998683,4.975839125022763,75.00356395350036,2.9073476257935464,3.324553577593927,0
5,0,4.480236021998907,Non-White,0.6329416337934651,88.73158548619149,4.3540445609283385,2.4127647366166416,4.086003500563739,4.239160917205532,3.0679384694313088,64.62265102492098,3.4827399034879543,0.0,1
5,1,4.740897140794711,White,-1.5265518616977465,61.35668471690906,3.575950650330384,2.7361115678770305,4.8874473840434565,3.756718278761867,3.7409444387938633,83.12182473332058,2.179963156872031,4.740897140794711,0
5,1,2.76888235950382,White,-0.057904907337784896,70.98399253964428,3.199490351149124,3.385719495957912,4.366686192789725,4.7339497995391016,4.237145916510738,73.0701514696212,3.224338692089545,2.76888235950382,0
5,1,3.1717190411339575,Non-White,0.8184847346385397,64.38193138604528,5.077871581603395,2.0520175793463555,5.374530354447257,3.0999953012961408,5.181298885058867,79.39103075055165,2.669897617008858,3.1717190411339575,1
5,0,2.5725374755679296,Non-White,0.13384765424599987,100.01737102530136,3.434273489673785,3.085149181081197,4.064225429247228,4.183149680644212,4.329860127243932,92.75361017569423,1.8746305078607326,0.0,1
5,0,3.8114152158888097,Non-White,0.4466397315170858,78.94608074562673,4.418161861497776,3.516481973576403,3.9366819687986156,4.401143212241969,4.388182791807979,77.01469400498895,3.8792894625354224,0.0,1
5,1,4.5022795790571735,Non-White,-0.21327237596579143,97.80829212966643,4.015633438624337,2.902527395785521,3.8893860095697423,3.6315047190157355,3.7583697799111233,67.66492246625151,4.648811677364101,4.5022795790571735,1
5,0,5.05164993646722,White,1.1290694375351427,63.670477194580165,4.12565282040319,2.8155848852037297,3.7362467733809357,3.82428598066706,4.441088135164758,72.31415204064223,4.290631512540762,0.0,0
5,1,4.051866346293843,Non-White,-0.08041577370899264,74.27231575451474,3.9992247470820486,3.200885641279287,2.675349450170459,4.209227388823264,4.1631855925274515,68.6844371180721,3.9771834829326633,4.051866346293843,1
5,1,5.1400308818999045,White,-0.46545018240405345,88.00498241765973,3.807579059026437,2.90394447363928,3.8678832237952254,4.773057827664886,3.146921275749465,78.46791773958817,3.210115182438118,5.1400308818999045,0
5,1,3.033928979249576,White,0.8865174125690543,81.79274604426683,4.2319861414617295,3.6952498906203735,2.7592871641384047,3.580278462847768,4.5757609120958636,68.55145953000157,4.064123159983478,3.033928979249576,0
